categories,indicatorTerms,postID,priority,timestamp
"['Donations', 'ServiceAvailable', 'ContinuingNews']",[],323917612864114688,Low,2018-09-07 17:01:57
"['EmergingThreats', 'Factoid', 'ContinuingNews']",[],323879973188419584,Medium,2018-09-06 19:47:51
"['Factoid', 'Hashtags', 'PastNews']",[],323966140953022464,Low,2018-09-10 15:44:10
"['Hashtags', 'PastNews', 'Sentiment', 'Irrelevant']",[],324147586548248576,Low,2018-09-10 16:12:25
"['ServiceAvailable', 'Hashtags', 'KnownAlready']",[],323909580784533504,Low,2018-09-07 16:01:05
"['Hashtags', 'Sentiment', 'Irrelevant']",[],323915771543683072,Low,2018-09-07 16:47:21
"['Hashtags', 'PastNews', 'Sentiment', 'Irrelevant']",[],324095958864502784,Low,2018-09-10 16:07:50
"['MultimediaShare', 'PastNews', 'Irrelevant']",[],324700425179762688,Low,2018-09-11 14:26:50
"['PastNews', 'Sentiment', 'Irrelevant']",[],324707006034370560,Low,2018-09-11 14:30:50
"['Sentiment', 'Irrelevant']",[],323905390645489664,Low,2018-09-07 15:26:38
"['EmergingThreats', 'ContinuingNews', 'Discussion']",[],325187727790321664,High,2018-09-11 15:53:32
"['PastNews', 'Sentiment', 'Irrelevant']",[],333963193238032384,Low,2018-09-12 17:46:06
"['MultimediaShare', 'PastNews', 'Sentiment']",[],326972194427129856,Low,2018-09-12 16:49:53
"['Hashtags', 'PastNews', 'Sentiment', 'Discussion']",[],324141878113099776,Low,2018-09-10 16:09:55
"['Advice', 'Irrelevant']",[],324626727051616256,Low,2018-09-11 14:23:57
"['Hashtags', 'Sentiment', 'Irrelevant']",[],323916216148295680,Low,2018-09-07 16:51:20
"['PastNews', 'Discussion']",[],327714703675641856,Low,2018-09-12 17:06:45
"['Hashtags', 'Sentiment', 'Irrelevant']",[],323905591984672768,Low,2018-09-07 15:27:52
"['PastNews', 'Sentiment', 'Irrelevant']",[],323973124481748992,Low,2018-09-10 15:46:57
"['PastNews', 'Discussion']",[],335734858879995904,Low,2018-09-12 17:49:11
"['ContinuingNews', 'KnownAlready']",[],323927616295956480,Low,2018-09-10 14:51:45
"['Hashtags', 'Sentiment', 'Irrelevant']",[],323973015408885760,Low,2018-09-10 15:46:20
"['ContinuingNews', 'Sentiment', 'Irrelevant']",[],325408549519896576,Low,2018-09-11 17:37:41
"['Hashtags', 'Sentiment', 'Irrelevant']",[],323903452893818880,Low,2018-09-07 15:16:16
"['ContinuingNews', 'Irrelevant']",[],323932859142373376,Low,2018-09-10 15:05:54
"['EmergingThreats', 'MultimediaShare', 'ContinuingNews']",[],323896414839111680,High,2018-09-07 15:08:32
"['Hashtags', 'Sentiment', 'Irrelevant']",[],323905461957062656,Low,2018-09-07 15:27:05
"['Hashtags', 'PastNews', 'Sentiment']",[],329659724100419584,Low,2018-09-12 17:30:52
"['MultimediaShare', 'PastNews', 'Discussion', 'Irrelevant']",[],324153877991653376,Low,2018-09-10 16:13:21
"['Hashtags', 'PastNews', 'Sentiment', 'Irrelevant']",[],324144587637678080,Low,2018-09-10 16:11:51
"['PastNews', 'Sentiment', 'Irrelevant']",[],325791070065664000,Low,2018-09-12 15:16:55
"['Hashtags', 'Sentiment', 'Irrelevant']",[],323908049838415872,Low,2018-09-07 15:41:05
['Sentiment'],[],323887648764735488,Low,2018-09-07 13:55:25
"['PastNews', 'Sentiment', 'Irrelevant']",[],324383054762242048,Low,2018-09-10 17:50:57
"['PastNews', 'Sentiment']",[],325402018980188160,Low,2018-09-11 17:32:09
"['PastNews', 'Sentiment', 'Irrelevant']",[],324138401014095872,Low,2018-09-10 16:08:38
"['ContinuingNews', 'KnownAlready']",[],324582653305180160,Low,2018-09-10 18:15:28
"['Hashtags', 'Sentiment', 'Irrelevant']",[],323892195365113856,Low,2018-09-07 14:41:10
"['Hashtags', 'Sentiment', 'Irrelevant']",[],323953646125608960,Low,2018-09-10 15:39:07
['ContinuingNews'],[],324592707043463168,Medium,2018-09-10 18:17:08
"['MultimediaShare', 'Hashtags', 'ContinuingNews']",[],324996958278270976,High,2018-09-11 15:04:35
"['Hashtags', 'Sentiment', 'Irrelevant']",[],323927544976003072,Low,2018-09-10 14:50:36
"['ServiceAvailable', 'KnownAlready']",[],323915943526932480,Low,2018-09-07 16:48:32
"['PastNews', 'Sentiment', 'Irrelevant']",[],324736416485629952,Low,2018-09-11 14:31:40
"['Hashtags', 'Sentiment']",[],323891075506905088,Low,2018-09-07 14:35:00
['Sentiment'],[],323885576761794560,Low,2018-09-06 19:59:28
"['Hashtags', 'Sentiment', 'Irrelevant']",[],323905843655499776,Low,2018-09-07 15:30:45
"['Hashtags', 'Sentiment', 'Irrelevant']",[],323945198805733376,Low,2018-09-10 15:35:34
"['Hashtags', 'Sentiment', 'Irrelevant']",[],323967638315364352,Low,2018-09-10 15:44:26
"['Hashtags', 'PastNews', 'Sentiment', 'Irrelevant']",[],324597236895977472,Low,2018-09-11 14:12:21
"['PastNews', 'Discussion']",[],337175551951400960,Medium,2018-09-12 17:50:04
"['PastNews', 'Discussion', 'KnownAlready']",[],329687486194401280,Low,2018-09-12 17:33:33
"['Hashtags', 'PastNews', 'Sentiment', 'Irrelevant']",[],324323713778585600,Low,2018-09-10 17:42:52
"['Hashtags', 'PastNews', 'Sentiment']",[],325393236111794176,Low,2018-09-11 17:28:09
"['Volunteer', 'ServiceAvailable', 'Advice']",[],323893415903379456,High,2018-09-07 14:49:21
"['PastNews', 'Sentiment', 'Irrelevant']",[],325406083256573952,Low,2018-09-11 17:36:29
"['PastNews', 'Discussion']",[],326801129763639296,Low,2018-09-12 16:44:40
"['Hashtags', 'PastNews', 'Sentiment', 'Irrelevant']",[],325416636158971904,Low,2018-09-11 17:47:35
"['Hashtags', 'ContinuingNews']",[],324573581038190592,Medium,2018-09-10 18:07:59
"['MultimediaShare', 'ContinuingNews']",[],323942820635373568,High,2018-09-10 15:32:02
"['PastNews', 'KnownAlready']",[],325708958155284480,Low,2018-09-12 15:10:07
"['PastNews', 'Sentiment']",[],326892959834456064,Low,2018-09-12 16:48:07
"['MultimediaShare', 'PastNews', 'Discussion']",[],327265535685431296,Low,2018-09-12 16:52:39
"['PastNews', 'Sentiment', 'Irrelevant']",[],325419341480878080,Low,2018-09-11 17:47:49
"['Sentiment', 'Irrelevant']",[],323941595894403072,Low,2018-09-10 15:16:45
"['PastNews', 'Discussion']",[],325643074015490048,Low,2018-09-11 18:02:21
"['EmergingThreats', 'MultimediaShare', 'Hashtags', 'ContinuingNews', 'KnownAlready']",[],323895261422297088,Medium,2018-09-07 14:56:53
"['Factoid', 'Hashtags', 'ContinuingNews']",[],325273044140580864,Low,2018-09-11 16:28:37
['Sentiment'],[],323885052498960384,Low,2018-09-06 19:58:20
"['EmergingThreats', 'ContinuingNews', 'KnownAlready']",[],325330736779497472,High,2018-09-11 17:04:34
['Sentiment'],[],323880044462219264,Low,2018-09-06 19:48:33
"['Hashtags', 'Sentiment', 'Irrelevant']",[],323890945475104768,Low,2018-09-07 14:34:48
"['Donations', 'Hashtags', 'PastNews']",[],337937153688473600,Low,2018-09-12 17:55:26
"['Hashtags', 'Sentiment', 'Irrelevant']",[],323959501373976576,Low,2018-09-10 15:40:19
"['Hashtags', 'Sentiment', 'Irrelevant']",[],323891163566309376,Low,2018-09-07 14:35:24
"['Sentiment', 'Irrelevant']",[],323927318483591168,Low,2018-09-10 14:48:54
"['MultimediaShare', 'Hashtags', 'PastNews']",[],323918330094317568,High,2018-09-07 17:04:29
"['Hashtags', 'Sentiment', 'Irrelevant']",[],323918116163813376,Low,2018-09-07 17:02:44
"['PastNews', 'Sentiment']",[],326455099671068672,Low,2018-09-12 16:01:46
"['PastNews', 'Advice']",[],327551398449381376,Low,2018-09-12 17:00:04
"['MultimediaShare', 'PastNews']",[],325696555598356480,Low,2018-09-12 15:07:33
"['Hashtags', 'ContinuingNews', 'KnownAlready']",[],323924462141583360,Low,2018-09-10 14:46:08
"['Sentiment', 'Irrelevant']",[],323908293112238080,Low,2018-09-07 15:42:01
"['MultimediaShare', 'PastNews', 'Sentiment', 'KnownAlready']",[],325312843887026176,Low,2018-09-11 17:01:15
"['MultimediaShare', 'Hashtags', 'ContinuingNews']",[],325213891854483456,High,2018-09-11 16:10:23
"['PastNews', 'Sentiment', 'Irrelevant']",[],323985594143367168,Low,2018-09-10 15:51:36
['ContinuingNews'],[],325703019033403392,Medium,2018-09-12 15:09:00
"['MultimediaShare', 'PastNews']",[],324340772008763392,High,2018-09-10 17:48:18
"['Hashtags', 'PastNews', 'Sentiment']",[],327424952766701568,Low,2018-09-12 16:56:06
"['Factoid', 'Official', 'ContinuingNews']",[],329614840832327680,High,2018-09-12 17:27:23
"['SignificantEventChange', 'ContinuingNews']",[],325410667643416576,High,2018-09-11 17:40:26
"['ThirdPartyObservation', 'MultimediaShare', 'PastNews']",[],323992212742496256,Medium,2018-09-10 15:56:23
"['Hashtags', 'Sentiment', 'Irrelevant']",[],323924034339348480,Low,2018-09-10 14:45:05
"['MultimediaShare', 'Hashtags', 'PastNews', 'Discussion']",[],326376376791875584,Low,2018-09-12 15:52:57
"['MultimediaShare', 'PastNews', 'Sentiment']",[],329354693325225984,Low,2018-09-12 17:23:25
"['Hashtags', 'PastNews', 'Sentiment', 'Irrelevant']",[],325280363217838080,Low,2018-09-11 16:47:30
"['Sentiment', 'Discussion', 'Irrelevant']",[],325338026492444672,Low,2018-09-11 17:07:41
"['MultimediaShare', 'PastNews']",[],326779742999175168,Medium,2018-09-12 16:09:31
"['Hashtags', 'Sentiment', 'Irrelevant']",[],323890173735747584,Low,2018-09-07 14:28:45
"['PastNews', 'Sentiment', 'Irrelevant']",[],333035488694906880,Low,2018-09-12 17:43:00
"['EmergingThreats', 'ContinuingNews', 'KnownAlready']",[],323878853292457984,Low,2018-09-06 19:35:19
"['Hashtags', 'ContinuingNews', 'Discussion']",[],323930808161280000,Medium,2018-09-10 14:59:34
"['ContinuingNews', 'KnownAlready']",[],323936348832690176,Low,2018-09-10 15:10:25
['Sentiment'],[],323882317791756288,Low,2018-09-06 19:53:11
"['PastNews', 'Discussion']",[],326461911241719808,Low,2018-09-12 16:04:20
['ContinuingNews'],[],325133277369364480,High,2018-09-11 15:35:17
"['Hashtags', 'PastNews', 'Sentiment', 'Irrelevant']",[],324224287806472192,Low,2018-09-10 17:27:12
"['MultimediaShare', 'PastNews', 'Discussion']",[],329970912067723264,Medium,2018-09-12 17:35:44
"['EmergingThreats', 'MultimediaShare', 'ContinuingNews']",[],323880602321448960,Medium,2018-09-06 19:49:42
"['Factoid', 'ContinuingNews']",[],325207508127977472,High,2018-09-11 16:00:03
"['EmergingThreats', 'MultimediaShare', 'Factoid', 'ContinuingNews']",[],323885169922695168,Medium,2018-09-06 19:59:01
"['Hashtags', 'PastNews', 'Discussion']",[],323918841799376896,High,2018-09-07 17:06:58
"['Hashtags', 'Sentiment', 'Irrelevant']",[],323927138107535360,Low,2018-09-10 14:48:21
"['MultimediaShare', 'PastNews', 'Discussion']",[],326383695843958784,Low,2018-09-12 15:57:28
"['EmergingThreats', 'ContinuingNews', 'KnownAlready']",[],323879759278923776,Medium,2018-09-06 19:45:54
"['Hashtags', 'ContinuingNews', 'Discussion']",[],323916086116487168,Medium,2018-09-07 16:50:04
"['EmergingThreats', 'Factoid', 'ContinuingNews']",[],323887120261468160,Medium,2018-09-07 13:50:39
"['EmergingThreats', 'ContinuingNews', 'KnownAlready']",[],323901687091826688,Medium,2018-09-07 15:13:13
"['MultimediaShare', 'Hashtags', 'PastNews', 'Sentiment']",[],327328336982454272,Low,2018-09-12 16:54:28
"['PastNews', 'Sentiment', 'Irrelevant']",[],325424999567605760,Low,2018-09-11 17:48:26
"['Hashtags', 'PastNews', 'KnownAlready']",[],325642830754217984,Low,2018-09-11 18:01:28
"['MultimediaShare', 'PastNews', 'Discussion', 'KnownAlready']",[],329675268182663168,Medium,2018-09-12 17:31:48
"['Hashtags', 'PastNews', 'Irrelevant']",[],324701771538776064,Low,2018-09-11 14:29:27
"['PastNews', 'KnownAlready']",[],325431240696152064,Low,2018-09-11 17:49:26
"['Hashtags', 'PastNews', 'Sentiment', 'Irrelevant']",[],324190376829284352,Low,2018-09-10 17:18:36
"['Factoid', 'ContinuingNews', 'KnownAlready']",[],323909459145547776,Medium,2018-09-07 15:56:28
"['InformationWanted', 'ContinuingNews']",[],323951397974470656,High,2018-09-10 15:38:44
"['Hashtags', 'Sentiment', 'Irrelevant']",[],323908079227916288,Low,2018-09-07 15:41:22
"['Hashtags', 'Sentiment', 'Irrelevant']",[],323923690419003392,Low,2018-09-10 14:44:50
"['EmergingThreats', 'Factoid', 'ContinuingNews']",[],323886226878902272,Medium,2018-09-07 13:47:38
"['Hashtags', 'Sentiment', 'Irrelevant']",[],323921178026721280,Low,2018-09-10 14:38:42
"['PastNews', 'KnownAlready']",[],325415650463989760,Medium,2018-09-11 17:46:55
"['Hashtags', 'ContinuingNews', 'Discussion']",[],323916459417931776,Low,2018-09-07 16:55:56
"['PastNews', 'Sentiment', 'Irrelevant']",[],324902297018720256,Low,2018-09-11 14:40:40
"['PastNews', 'Sentiment', 'Irrelevant']",[],325636841292316672,Low,2018-09-11 18:01:05
"['Hashtags', 'Sentiment', 'Irrelevant']",[],323913158492303360,Low,2018-09-07 16:18:15
"['ServiceAvailable', 'Hashtags', 'KnownAlready']",[],323910134399115264,Low,2018-09-07 16:02:15
"['Sentiment', 'Irrelevant']",[],323893105524879360,Low,2018-09-07 14:46:16
['Sentiment'],[],323888118535163904,Low,2018-09-07 13:56:47
"['Hashtags', 'Sentiment', 'Irrelevant']",[],323891197137539072,Low,2018-09-07 14:35:51
"['InformationWanted', 'PastNews']",[],324223121777389568,High,2018-09-10 17:26:33
"['PastNews', 'Discussion']",[],326850333122895872,Low,2018-09-12 16:46:53
"['Hashtags', 'ContinuingNews']",[],324604413366910976,Medium,2018-09-11 14:18:07
"['EmergingThreats', 'MultimediaShare', 'ContinuingNews']",[],323874558325161984,Critical,2018-09-06 19:23:13
"['MultimediaShare', 'Hashtags', 'PastNews', 'Discussion']",[],329065672229404672,Low,2018-09-12 17:16:45
"['PastNews', 'Discussion', 'Irrelevant']",[],324157313151819776,Low,2018-09-10 16:15:13
"['EmergingThreats', 'MultimediaShare', 'Hashtags', 'ContinuingNews']",[],323888860910194688,High,2018-09-07 14:28:10
"['PastNews', 'Discussion']",[],324571303514361856,High,2018-09-10 18:05:21
['Sentiment'],[],323879083995983872,Low,2018-09-06 19:36:41
"['PastNews', 'Discussion']",[],326457876287729664,Low,2018-09-12 16:02:23
"['PastNews', 'Sentiment', 'Irrelevant']",[],325407320605609984,Low,2018-09-11 17:37:00
"['Hashtags', 'Sentiment']",[],323915398288379904,Low,2018-09-07 16:46:59
"['MultimediaShare', 'PastNews', 'Discussion']",[],330551500210331648,Low,2018-09-12 17:38:51
"['Hashtags', 'Sentiment', 'Irrelevant']",[],323918808219799552,Low,2018-09-07 17:05:04
"['PastNews', 'Sentiment', 'Irrelevant']",[],326161762644803584,Low,2018-09-12 15:35:29
"['EmergingThreats', 'MultimediaShare', 'ContinuingNews', 'KnownAlready']",[],323877544694784000,High,2018-09-06 19:29:44
"['PastNews', 'Discussion']",[],326183245861511168,Low,2018-09-12 15:38:04
"['Hashtags', 'PastNews', 'Sentiment', 'Irrelevant']",[],323981240443224064,Low,2018-09-10 15:48:38
"['Hashtags', 'Sentiment', 'Irrelevant']",[],323928132170166272,Low,2018-09-10 14:52:34
"['Donations', 'MultimediaShare', 'PastNews', 'Discussion']",[],326019848360579072,Low,2018-09-12 15:31:54
"['ContinuingNews', 'KnownAlready']",[],325231038169247744,Medium,2018-09-11 16:15:21
"['Hashtags', 'PastNews', 'Sentiment', 'Irrelevant']",[],324212908647137280,Low,2018-09-10 17:21:21
"['Donations', 'PastNews', 'Discussion']",[],340244410954547200,Low,2018-09-12 17:58:45
"['PastNews', 'Sentiment']",[],333279915938021376,Low,2018-09-12 17:44:04
"['EmergingThreats', 'ContinuingNews']",[],325396675428495360,High,2018-09-11 17:29:50
"['EmergingThreats', 'Hashtags', 'ContinuingNews', 'Advice']",[],323895987028504576,High,2018-09-07 15:04:13
"['MultimediaShare', 'Factoid', 'ContinuingNews']",[],325237988156121088,High,2018-09-11 16:19:09
"['EmergingThreats', 'MultimediaShare', 'ContinuingNews']",[],323880648479748096,Critical,2018-09-06 19:50:57
"['Hashtags', 'Sentiment', 'Irrelevant']",[],323962168963903488,Low,2018-09-10 15:41:54
"['Hashtags', 'ContinuingNews', 'Sentiment']",[],323915247259877376,Low,2018-09-07 16:46:44
['ContinuingNews'],[],323961820845060096,Low,2018-09-10 15:41:38
"['InformationWanted', 'MultimediaShare', 'Official', 'ContinuingNews']",[],325040650326257664,High,2018-09-11 15:13:07
"['Donations', 'Hashtags', 'PastNews', 'Discussion']",[],324292759798304768,Low,2018-09-10 17:40:28
"['Hashtags', 'PastNews', 'Discussion']",[],324324204503777280,Medium,2018-09-10 17:44:34
"['PastNews', 'Discussion']",[],327239468081897472,Low,2018-09-12 16:51:52
"['Hashtags', 'Sentiment', 'Irrelevant']",[],323927599493545984,Low,2018-09-10 14:50:49
"['Hashtags', 'Sentiment', 'Irrelevant']",[],323930191560839168,Low,2018-09-10 14:53:52
"['EmergingThreats', 'MultimediaShare', 'ContinuingNews']",[],323891427815878656,High,2018-09-07 14:36:55
"['MultimediaShare', 'PastNews', 'Sentiment', 'Discussion']",[],324577708245925888,Low,2018-09-10 18:09:34
"['Hashtags', 'PastNews', 'Sentiment', 'Irrelevant']",[],325356330418315264,Low,2018-09-11 17:23:21
"['Hashtags', 'ContinuingNews', 'Advice']",[],323904740532551680,Medium,2018-09-07 15:25:52
"['PastNews', 'Sentiment', 'Irrelevant', 'KnownAlready']",[],324032478090244096,Low,2018-09-10 16:01:43
"['Hashtags', 'Sentiment', 'Irrelevant']",[],323902752440856576,Low,2018-09-07 15:16:00
"['PastNews', 'Discussion']",[],327343600042131456,Low,2018-09-12 16:55:07
"['MultimediaShare', 'PastNews', 'Discussion']",[],325438631068184576,Low,2018-09-11 17:50:38
"['PastNews', 'Sentiment', 'Irrelevant']",[],330414270976229376,Low,2018-09-12 17:37:48
"['MultimediaShare', 'ContinuingNews', 'KnownAlready']",[],324999512588435456,High,2018-09-11 15:08:22
"['EmergingThreats', 'Factoid', 'ContinuingNews', 'KnownAlready']",[],323884742107873280,Medium,2018-09-06 19:57:56
"['Factoid', 'Discussion', 'Irrelevant']",[],323905612952006656,Low,2018-09-07 15:30:03
"['Hashtags', 'Sentiment', 'Irrelevant']",[],323917780619513856,Low,2018-09-07 17:02:19
"['PastNews', 'Sentiment', 'Irrelevant']",[],325450542883151872,Low,2018-09-11 17:53:21
"['Hashtags', 'Sentiment', 'Irrelevant']",[],323908641235279872,Low,2018-09-07 15:49:50
"['Factoid', 'ContinuingNews', 'KnownAlready']",[],325243306512625664,High,2018-09-11 16:20:47
"['PastNews', 'Discussion']",[],328589782307438592,Low,2018-09-12 17:15:42
"['EmergingThreats', 'MultimediaShare', 'ContinuingNews']",[],323876642911031296,High,2018-09-06 19:28:52
"['MultimediaShare', 'Hashtags', 'ContinuingNews', 'Sentiment']",[],323939918176985088,Medium,2018-09-10 15:13:17
"['ThirdPartyObservation', 'ContinuingNews', 'KnownAlready']",[],323933584777940992,Low,2018-09-10 15:06:56
"['Hashtags', 'PastNews', 'Sentiment']",[],324203031040258048,Low,2018-09-10 17:21:01
"['Hashtags', 'PastNews', 'Sentiment', 'Irrelevant']",[],324182755770523648,Low,2018-09-10 17:12:08
"['MultimediaShare', 'Hashtags', 'ContinuingNews', 'KnownAlready']",[],325001152582270976,High,2018-09-11 15:09:15
"['Hashtags', 'Sentiment', 'Irrelevant']",[],323907823354408960,Low,2018-09-07 15:40:23
"['Hashtags', 'PastNews', 'Discussion', 'Irrelevant']",[],324562235429122048,Low,2018-09-10 17:55:53
"['ThirdPartyObservation', 'EmergingThreats', 'ContinuingNews']",[],323879344042815488,Medium,2018-09-06 19:37:51
"['Sentiment', 'Irrelevant']",[],323932833989160960,Low,2018-09-10 15:03:43
"['Hashtags', 'PastNews', 'Sentiment']",[],325103644594827264,Low,2018-09-11 15:27:57
['Sentiment'],[],323878794576412672,Low,2018-09-06 19:34:12
"['PastNews', 'Sentiment', 'Irrelevant']",[],324299420336287744,Low,2018-09-10 17:42:06
"['EmergingThreats', 'ContinuingNews', 'Irrelevant']",[],323888198226956288,Low,2018-09-07 13:59:32
"['Hashtags', 'PastNews', 'Advice']",[],324057765511315456,High,2018-09-10 16:06:50
"['Hashtags', 'PastNews', 'Discussion', 'Irrelevant']",[],324402281485328384,Low,2018-09-10 17:52:13
"['Hashtags', 'PastNews', 'Discussion']",[],330562824835330048,Low,2018-09-12 17:39:41
"['EmergingThreats', 'ContinuingNews']",[],323875539788128256,Critical,2018-09-06 19:26:18
"['ThirdPartyObservation', 'ContinuingNews', 'Discussion']",[],323912617443872768,Low,2018-09-07 16:07:31
"['ContinuingNews', 'KnownAlready']",[],324579759227023360,Low,2018-09-10 18:12:07
"['Donations', 'PastNews', 'Sentiment']",[],326848399540379648,Low,2018-09-12 16:45:51
"['Hashtags', 'Sentiment', 'Irrelevant']",[],323917138886815744,Low,2018-09-07 16:56:29
"['SignificantEventChange', 'Hashtags', 'ContinuingNews']",[],323916316836765696,High,2018-09-07 16:54:22
"['Hashtags', 'Sentiment', 'Irrelevant']",[],323922654413324288,Low,2018-09-10 14:44:03
"['MultimediaShare', 'Factoid', 'PastNews']",[],324055051825979392,Medium,2018-09-10 16:05:27
['Sentiment'],[],323886050709737472,Low,2018-09-06 19:59:51
"['ServiceAvailable', 'Hashtags', 'Advice']",[],323902341420036096,High,2018-09-07 15:15:13
"['FirstPartyObservation', 'SignificantEventChange', 'MultimediaShare', 'Hashtags', 'ContinuingNews']",[],323908842566086656,Critical,2018-09-07 15:51:42
"['Hashtags', 'PastNews', 'Sentiment']",[],330702608421494784,Low,2018-09-12 17:40:15
"['Hashtags', 'ContinuingNews', 'KnownAlready']",[],323920792150761472,Medium,2018-09-10 14:36:57
"['PastNews', 'Discussion', 'Irrelevant']",[],325670009844146176,Low,2018-09-11 18:03:27
"['PastNews', 'Sentiment', 'Irrelevant']",[],325980832936366080,Low,2018-09-12 15:20:29
"['Hashtags', 'Sentiment', 'Irrelevant']",[],323904199471538176,Low,2018-09-07 15:21:30
"['Hashtags', 'ContinuingNews']",[],325158602560118784,High,2018-09-11 15:43:55
"['EmergingThreats', 'Factoid', 'Hashtags', 'ContinuingNews']",[],323890790298427392,Medium,2018-09-07 14:33:57
"['PastNews', 'Discussion']",[],324742150115962880,Low,2018-09-11 14:33:10
"['Factoid', 'ContinuingNews']",[],323935711264907264,High,2018-09-10 15:09:20
"['EmergingThreats', 'ContinuingNews']",[],325143326909136896,Critical,2018-09-11 15:40:33
"['PastNews', 'Sentiment', 'Irrelevant']",[],323977440399613952,Low,2018-09-10 15:47:53
"['EmergingThreats', 'Hashtags', 'ContinuingNews', 'Sentiment', 'KnownAlready']",[],323896721027506176,Low,2018-09-07 15:09:39
"['PastNews', 'Discussion', 'KnownAlready']",[],327895134270263296,Low,2018-09-12 17:07:36
['Sentiment'],[],323880027697582080,Low,2018-09-06 19:48:17
"['Hashtags', 'PastNews', 'Sentiment', 'Irrelevant']",[],324794964787740672,Low,2018-09-11 14:34:22
"['MultimediaShare', 'PastNews', 'Discussion']",[],325903427043467264,Low,2018-09-12 15:19:50
"['EmergingThreats', 'ContinuingNews', 'KnownAlready']",[],323892627403571200,Medium,2018-09-07 14:43:00
"['EmergingThreats', 'MultimediaShare', 'Factoid', 'ContinuingNews']",[],323896037381111808,High,2018-09-07 15:06:43
"['ServiceAvailable', 'KnownAlready']",[],323911304639295488,Low,2018-09-07 16:03:02
"['EmergingThreats', 'PastNews']",[],323900495888527360,Medium,2018-09-07 15:11:18
"['ContinuingNews', 'Discussion']",[],325408893440241664,Medium,2018-09-11 17:38:17
"['ContinuingNews', 'Sentiment', 'Irrelevant']",[],325257638461988864,Low,2018-09-11 16:23:44
"['EmergingThreats', 'Hashtags', 'ContinuingNews']",[],325392887980363776,High,2018-09-11 17:27:14
['ContinuingNews'],[],324579952173404160,High,2018-09-10 18:14:52
"['MultimediaShare', 'PastNews', 'Discussion']",[],327537364308201472,Low,2018-09-12 16:59:28
"['Sentiment', 'Discussion', 'Irrelevant']",[],325280220594712576,Low,2018-09-11 16:46:29
"['Sentiment', 'Irrelevant']",[],323932733321641984,Low,2018-09-10 15:03:22
"['MultimediaShare', 'Hashtags', 'PastNews', 'Discussion']",[],327457634808647680,Low,2018-09-12 16:57:30
"['MultimediaShare', 'PastNews', 'Discussion']",[],326790664979365888,Low,2018-09-12 16:43:49
"['MultimediaShare', 'Hashtags', 'PastNews', 'Sentiment', 'Irrelevant']",[],324602131669741568,Low,2018-09-11 14:14:11
"['PastNews', 'Sentiment']",[],337825887162617856,Low,2018-09-12 17:54:24
"['Hashtags', 'Sentiment', 'Irrelevant']",[],323931319828627456,Low,2018-09-10 15:02:11
"['Hashtags', 'Sentiment', 'Irrelevant']",[],323893155860709376,Low,2018-09-07 14:46:37
"['MultimediaShare', 'PastNews', 'Sentiment', 'Irrelevant']",[],324881220632727552,Low,2018-09-11 14:37:35
"['PastNews', 'Discussion', 'Irrelevant']",[],325688510906519552,Low,2018-09-11 18:03:58
"['Sentiment', 'Irrelevant']",[],323917424112054272,Low,2018-09-07 16:56:45
"['PastNews', 'Discussion']",[],340341051917209600,Medium,2018-09-12 17:59:42
"['EmergingThreats', 'MultimediaShare', 'Factoid', 'ContinuingNews']",[],323890286981967872,High,2018-09-07 14:32:46
"['PastNews', 'Discussion', 'Irrelevant']",[],324174069371121664,Low,2018-09-10 16:18:32
"['Hashtags', 'PastNews', 'Discussion']",[],330109428969897984,Low,2018-09-12 17:37:01
"['Hashtags', 'Sentiment', 'Irrelevant']",[],323909136154775552,Low,2018-09-07 15:53:14
"['Hashtags', 'PastNews', 'Discussion']",[],333981371368353792,Low,2018-09-12 17:47:07
"['PastNews', 'Sentiment', 'Irrelevant']",[],325353604150079488,Low,2018-09-11 17:19:05
"['Hashtags', 'Sentiment', 'Irrelevant']",[],323907953361055744,Low,2018-09-07 15:40:39
"['Hashtags', 'Sentiment', 'Irrelevant']",[],323932682994192384,Low,2018-09-10 15:02:51
"['PastNews', 'Sentiment', 'Discussion']",[],325294896485371904,Low,2018-09-11 16:57:35
"['Hashtags', 'Sentiment', 'Irrelevant']",[],323918879527161856,Low,2018-09-07 17:07:50
"['PastNews', 'Sentiment', 'Irrelevant']",[],325388756582543360,Low,2018-09-11 17:25:50
"['PastNews', 'KnownAlready']",[],325453105611284480,Medium,2018-09-11 17:53:48
"['Donations', 'PastNews', 'Irrelevant']",[],324171716383371264,Low,2018-09-10 16:17:46
"['PastNews', 'Sentiment', 'Irrelevant']",[],324128770908905472,Low,2018-09-10 16:08:12
"['Hashtags', 'PastNews', 'Sentiment', 'Irrelevant']",[],325146330034999296,Low,2018-09-11 15:41:04
"['SignificantEventChange', 'ContinuingNews']",[],323903763280711680,Critical,2018-09-07 15:19:54
"['PastNews', 'Discussion']",[],329530338189647872,Low,2018-09-12 17:24:16
"['Hashtags', 'Sentiment', 'Irrelevant']",[],323895550829264896,Low,2018-09-07 14:57:45
"['PastNews', 'Sentiment', 'Irrelevant']",[],325122858684674048,Low,2018-09-11 15:29:03
"['Sentiment', 'Irrelevant']",[],323895710208651264,Low,2018-09-07 14:58:05
"['MultimediaShare', 'PastNews', 'Sentiment']",[],325751748461461504,Low,2018-09-12 15:15:11
"['Hashtags', 'PastNews', 'Sentiment', 'Irrelevant']",[],324155304055037952,Low,2018-09-10 16:14:15
"['MultimediaShare', 'PastNews']",[],324216666726744064,Medium,2018-09-10 17:25:04
"['Hashtags', 'ContinuingNews', 'KnownAlready']",[],323922411126939648,Low,2018-09-10 14:42:45
"['PastNews', 'Sentiment', 'Irrelevant']",[],324215840461438976,Low,2018-09-10 17:22:06
"['Hashtags', 'PastNews', 'Discussion']",[],325554364481675264,Medium,2018-09-11 17:58:45
"['EmergingThreats', 'MultimediaShare', 'Hashtags', 'ContinuingNews', 'KnownAlready']",[],323893009089445888,Medium,2018-09-07 14:45:14
"['PastNews', 'Discussion', 'KnownAlready']",[],328577585258823680,Low,2018-09-12 17:14:18
"['PastNews', 'Discussion', 'Irrelevant']",[],325350965937074176,Low,2018-09-11 17:09:06
"['InformationWanted', 'Volunteer', 'PastNews']",[],323906518917451776,High,2018-09-07 15:35:54
"['PastNews', 'Sentiment', 'Irrelevant']",[],325411137388675072,Low,2018-09-11 17:45:05
"['MultimediaShare', 'PastNews', 'Discussion']",[],337359539294842880,Medium,2018-09-12 17:52:49
"['PastNews', 'Sentiment', 'Irrelevant']",[],324973415654105088,Low,2018-09-11 15:01:49
"['Official', 'ContinuingNews']",[],324651821589229568,High,2018-09-11 14:26:03
"['ServiceAvailable', 'Hashtags', 'Advice']",[],323911736656793600,High,2018-09-07 16:04:52
"['ContinuingNews', 'KnownAlready']",[],324587036373831680,Low,2018-09-10 18:15:53
"['Hashtags', 'Sentiment', 'Irrelevant']",[],323956003332816896,Low,2018-09-10 15:39:53
"['Sentiment', 'Irrelevant']",[],323904178500038656,Low,2018-09-07 15:21:08
"['ServiceAvailable', 'Hashtags', 'KnownAlready']",[],323904199488327680,Low,2018-09-07 15:23:23
"['PastNews', 'Discussion']",[],327295344599764992,Low,2018-09-12 16:53:18
"['Hashtags', 'Sentiment', 'Irrelevant']",[],323945005876146176,Low,2018-09-10 15:35:14
"['MultimediaShare', 'ContinuingNews', 'KnownAlready']",[],323991780745965568,Medium,2018-09-10 15:55:19
"['ContinuingNews', 'Discussion']",[],325379675943747584,Medium,2018-09-11 17:25:17
"['MultimediaShare', 'ContinuingNews']",[],323912126710312960,High,2018-09-07 16:05:37
"['Sentiment', 'Irrelevant']",[],323895156543721472,Low,2018-09-07 14:54:12
"['PastNews', 'KnownAlready']",[],325765040189886464,Low,2018-09-12 15:16:01
"['MultimediaShare', 'ContinuingNews', 'Discussion']",[],325371509625454592,Medium,2018-09-11 17:24:26
"['MultimediaShare', 'ContinuingNews', 'KnownAlready']",[],325014511457280000,High,2018-09-11 15:10:00
"['Hashtags', 'Sentiment', 'Irrelevant']",[],323983199199981568,Low,2018-09-10 15:50:14
"['EmergingThreats', 'Factoid', 'ContinuingNews', 'Sentiment']",[],323882229707202560,Low,2018-09-06 19:52:33
"['PastNews', 'Sentiment', 'Irrelevant']",[],324595852771479552,Low,2018-09-10 18:17:58
['Sentiment'],[],323877985088331776,Low,2018-09-06 19:33:44
"['Hashtags', 'Sentiment', 'Irrelevant']",[],324625422652428288,Low,2018-09-11 14:22:00
"['Sentiment', 'Irrelevant']",[],323895546634977280,Low,2018-09-07 14:57:24
"['PastNews', 'Discussion', 'Irrelevant']",[],324227253158432768,Low,2018-09-10 17:28:26
"['Volunteer', 'Hashtags', 'ContinuingNews', 'Sentiment']",[],323942778692325376,Medium,2018-09-10 15:30:15
"['Hashtags', 'ContinuingNews', 'KnownAlready']",[],323926114701565952,Low,2018-09-10 14:46:53
"['Sentiment', 'Irrelevant']",[],323994670613012480,Low,2018-09-10 15:56:54
"['PastNews', 'Discussion']",[],325541332808515584,Low,2018-09-11 17:57:58
"['Sentiment', 'Irrelevant']",[],323904325325832192,Low,2018-09-07 15:23:54
"['Hashtags', 'Sentiment', 'Irrelevant']",[],323935870673625088,Low,2018-09-10 15:09:49
"['PastNews', 'Sentiment', 'Irrelevant']",[],325087622361923584,Low,2018-09-11 15:27:31
"['PastNews', 'KnownAlready']",[],325173970485784576,Medium,2018-09-11 15:45:02
"['EmergingThreats', 'Hashtags', 'ContinuingNews', 'Sentiment']",[],323893059387535360,Low,2018-09-07 14:45:53
"['MultimediaShare', 'PastNews', 'Sentiment']",[],324183707898478592,Medium,2018-09-10 17:17:41
"['Factoid', 'Hashtags', 'ContinuingNews', 'Sentiment']",[],323916149039452160,Medium,2018-09-07 16:50:40
"['Hashtags', 'PastNews', 'Discussion']",[],329644817531420672,Low,2018-09-12 17:30:08
"['PastNews', 'Discussion']",[],325309320663281664,Low,2018-09-11 16:59:33
"['MultimediaShare', 'ContinuingNews']",[],324167417217564672,High,2018-09-10 16:16:20
"['Hashtags', 'PastNews', 'Sentiment', 'Discussion']",[],329258475999866880,Low,2018-09-12 17:18:48
"['EmergingThreats', 'MultimediaShare', 'ContinuingNews']",[],323883827762180096,High,2018-09-06 19:54:33
"['PastNews', 'KnownAlready']",[],326254918111477760,Low,2018-09-12 15:40:16
"['PastNews', 'Sentiment', 'Irrelevant']",[],324604300099715072,Low,2018-09-11 14:15:51
"['MultimediaShare', 'ContinuingNews', 'Sentiment']",[],325270665957634048,Medium,2018-09-11 16:27:13
"['EmergingThreats', 'Factoid', 'ContinuingNews', 'KnownAlready']",[],323884519788789760,Low,2018-09-06 19:56:13
"['Hashtags', 'Sentiment', 'Irrelevant']",[],323988769231482880,Low,2018-09-10 15:53:59
"['MultimediaShare', 'Hashtags', 'PastNews', 'KnownAlready']",[],325413066806263808,High,2018-09-11 17:46:21
"['MultimediaShare', 'ContinuingNews']",[],323919991013527552,High,2018-09-10 14:35:13
"['Hashtags', 'Sentiment', 'Irrelevant']",[],323964643603275776,Low,2018-09-10 15:42:25
"['PastNews', 'Sentiment']",[],325333064614039552,Low,2018-09-11 17:05:47
"['Official', 'PastNews', 'Discussion']",[],324898127876349952,Medium,2018-09-11 14:39:30
"['Hashtags', 'Sentiment', 'Irrelevant']",[],323908427329986560,Low,2018-09-07 15:47:06
"['PastNews', 'Sentiment', 'Irrelevant']",[],325798070354841600,Low,2018-09-12 15:18:16
"['EmergingThreats', 'ContinuingNews', 'KnownAlready']",[],323875384603058176,High,2018-09-06 19:25:16
"['EmergingThreats', 'ContinuingNews', 'KnownAlready']",[],325210305724563456,High,2018-09-11 16:06:40
"['Hashtags', 'PastNews', 'Sentiment']",[],325179741835497472,Low,2018-09-11 15:48:26
"['Hashtags', 'PastNews', 'Sentiment', 'Irrelevant']",[],324003025674960896,Low,2018-09-10 15:58:18
"['ServiceAvailable', 'ContinuingNews']",[],323914479706464256,Medium,2018-09-07 16:43:37
"['EmergingThreats', 'ContinuingNews']",[],323887153811705856,Medium,2018-09-07 13:52:24
"['Sentiment', 'Irrelevant']",[],323935384134361088,Low,2018-09-10 15:07:54
"['FirstPartyObservation', 'EmergingThreats', 'ContinuingNews']",[],323879717306507264,Medium,2018-09-06 19:44:33
"['PastNews', 'Sentiment', 'Irrelevant']",[],324141634818293760,Low,2018-09-10 16:08:54
"['Hashtags', 'Sentiment', 'Irrelevant']",[],323947480490311680,Low,2018-09-10 15:36:05
"['Factoid', 'Hashtags', 'PastNews', 'Discussion']",[],326433872281747456,Low,2018-09-12 16:00:51
"['Hashtags', 'Sentiment', 'Irrelevant']",[],323945341391097856,Low,2018-09-10 15:35:49
"['MultimediaShare', 'PastNews', 'Discussion', 'Irrelevant']",[],324180562166304768,Low,2018-09-10 17:11:48
"['MultimediaShare', 'PastNews', 'Sentiment', 'Irrelevant']",[],324868922937577472,Low,2018-09-11 14:37:05
"['Sentiment', 'Irrelevant']",[],323909203288813568,Low,2018-09-07 15:55:09
"['Hashtags', 'Sentiment', 'Irrelevant']",[],323909119377559552,Low,2018-09-07 15:52:58
"['ContinuingNews', 'KnownAlready']",[],323943021961949184,Medium,2018-09-10 15:34:35
"['PastNews', 'Discussion']",[],325982175113658368,Low,2018-09-12 15:22:13
"['PastNews', 'Sentiment', 'Irrelevant']",[],324183624008220672,Low,2018-09-10 17:12:46
"['Hashtags', 'Advice', 'Irrelevant']",[],323906325987868672,Low,2018-09-07 15:32:52
"['Hashtags', 'ContinuingNews', 'Sentiment']",[],323888730895171584,Low,2018-09-07 14:06:23
"['PastNews', 'Sentiment', 'Irrelevant']",[],324337903079657472,Low,2018-09-10 17:45:41
"['Sentiment', 'Irrelevant']",[],323928992002478080,Low,2018-09-10 14:53:13
"['Volunteer', 'EmergingThreats', 'Hashtags', 'ContinuingNews']",[],323894003143700480,High,2018-09-07 14:53:06
"['PastNews', 'KnownAlready']",[],324570397553074176,Medium,2018-09-10 18:03:52
"['MultimediaShare', 'PastNews', 'Sentiment']",[],325290492441018368,Medium,2018-09-11 16:56:07
"['MultimediaShare', 'Hashtags', 'ContinuingNews']",[],323941419742027776,Medium,2018-09-10 15:16:04
"['PastNews', 'Discussion']",[],324955623395586048,Medium,2018-09-11 15:00:54
"['Hashtags', 'Sentiment', 'Irrelevant']",[],323903985578831872,Low,2018-09-07 15:20:23
"['Advice', 'Irrelevant']",[],323893747274366976,Low,2018-09-07 14:50:23
"['MultimediaShare', 'PastNews', 'Discussion']",[],326143286718894080,Low,2018-09-12 15:34:13
"['Factoid', 'Hashtags', 'ContinuingNews']",[],323938127209197568,High,2018-09-10 15:11:01
"['FirstPartyObservation', 'EmergingThreats', 'Sentiment', 'Irrelevant']",[],323891780162580480,Low,2018-09-07 14:39:07
"['PastNews', 'Sentiment', 'Irrelevant']",[],324750853309345792,Low,2018-09-11 14:33:26
"['Hashtags', 'Sentiment', 'Irrelevant']",[],323926781600088064,Low,2018-09-10 14:48:07
"['PastNews', 'Sentiment', 'Irrelevant']",[],325409480672149504,Low,2018-09-11 17:39:12
"['MultimediaShare', 'PastNews', 'Discussion']",[],326293665108598784,Low,2018-09-12 15:41:41
"['EmergingThreats', 'Hashtags', 'ContinuingNews', 'KnownAlready']",[],323888600846581760,Low,2018-09-07 14:04:59
"['ThirdPartyObservation', 'MultimediaShare', 'PastNews', 'Discussion', 'Irrelevant']",[],324273663119605760,Low,2018-09-10 17:34:45
"['Hashtags', 'ContinuingNews', 'KnownAlready']",[],325176155701407744,Medium,2018-09-11 15:47:20
"['MultimediaShare', 'ContinuingNews']",[],324998724059291648,High,2018-09-11 15:06:15
"['ContinuingNews', 'Discussion']",[],325986956607631360,Medium,2018-09-12 15:29:32
"['ServiceAvailable', 'ContinuingNews']",[],323914110620274688,Medium,2018-09-07 16:40:32
"['PastNews', 'Discussion']",[],324275282137718784,Medium,2018-09-10 17:36:21
"['Donations', 'Hashtags', 'PastNews', 'Discussion']",[],324271867965870080,Low,2018-09-10 17:32:48
"['MultimediaShare', 'PastNews', 'Discussion']",[],326386048852701184,Medium,2018-09-12 15:58:42
"['Hashtags', 'Sentiment', 'Irrelevant']",[],323891905983303680,Low,2018-09-07 14:40:31
"['MultimediaShare', 'PastNews', 'Sentiment']",[],324024886366445568,Low,2018-09-10 15:59:54
['Sentiment'],[],323886004593385472,Low,2018-09-06 19:59:41
"['Hashtags', 'PastNews', 'Sentiment', 'Irrelevant']",[],324500323324530688,Low,2018-09-10 17:54:30
"['GoodsServices', 'Advice']",[],323908343439691776,Medium,2018-09-07 15:46:41
"['PastNews', 'Discussion']",[],331857161913253888,Low,2018-09-12 17:42:18
"['Hashtags', 'Sentiment', 'Irrelevant']",[],324079735279869952,Low,2018-09-10 16:07:23
"['PastNews', 'Discussion']",[],329294354059493376,Low,2018-09-12 17:19:11
"['MultimediaShare', 'Hashtags', 'PastNews']",[],325480821580505088,Medium,2018-09-11 17:54:42
"['EmergingThreats', 'ContinuingNews', 'Sentiment']",[],323877624382373888,Low,2018-09-06 19:31:09
"['PastNews', 'Sentiment', 'Irrelevant']",[],325235274454007808,Low,2018-09-11 16:17:35
"['PastNews', 'Discussion']",[],329640887460167680,Low,2018-09-12 17:29:31
"['Hashtags', 'Sentiment', 'Irrelevant']",[],323906137239990272,Low,2018-09-07 15:31:36
"['Sentiment', 'Irrelevant']",[],323901460603629568,Low,2018-09-07 15:12:04
"['Hashtags', 'PastNews', 'Discussion']",[],326398409462398976,Low,2018-09-12 15:59:36
"['Hashtags', 'PastNews', 'Discussion']",[],326327395713953792,Low,2018-09-12 15:42:25
"['PastNews', 'Sentiment', 'Irrelevant']",[],326017763783094272,Low,2018-09-12 15:30:34
"['Hashtags', 'PastNews', 'Sentiment', 'Discussion']",[],325304530763935744,Low,2018-09-11 16:58:42
"['Hashtags', 'PastNews', 'Discussion']",[],327039806628577280,Low,2018-09-12 16:51:00
"['ContinuingNews', 'Sentiment', 'Irrelevant']",[],325247878324969472,Low,2018-09-11 16:23:08
"['Hashtags', 'PastNews', 'Sentiment']",[],337542079603437568,Low,2018-09-12 17:53:16
"['Hashtags', 'Sentiment', 'Irrelevant']",[],323935199572402176,Low,2018-09-10 15:07:15
"['Hashtags', 'PastNews', 'Sentiment', 'Irrelevant']",[],323983601836376064,Low,2018-09-10 15:50:53
"['Hashtags', 'Sentiment']",[],323887711649923072,Low,2018-09-07 13:56:26
"['EmergingThreats', 'ContinuingNews', 'KnownAlready']",[],323879075607363584,Low,2018-09-06 19:36:15
"['PastNews', 'KnownAlready']",[],325449443971325952,Low,2018-09-11 17:52:45
"['PastNews', 'Sentiment', 'Irrelevant']",[],325662749508116480,Low,2018-09-11 18:02:50
"['MultimediaShare', 'ContinuingNews']",[],325751324828381184,Medium,2018-09-12 15:13:30
"['InformationWanted', 'MultimediaShare', 'ContinuingNews', 'KnownAlready']",[],325031917793734656,High,2018-09-11 15:11:22
"['Sentiment', 'Irrelevant']",[],323920167178493952,Low,2018-09-10 14:35:41
"['Hashtags', 'PastNews', 'Sentiment', 'Irrelevant']",[],324847058026643456,Low,2018-09-11 14:34:43
"['Hashtags', 'Sentiment', 'Irrelevant']",[],323949581861806080,Low,2018-09-10 15:36:19
"['MultimediaShare', 'Hashtags', 'ContinuingNews']",[],325399141679243264,Medium,2018-09-11 17:30:37
"['EmergingThreats', 'ContinuingNews']",[],323931114337079296,Medium,2018-09-10 15:01:43
"['EmergingThreats', 'ContinuingNews', 'KnownAlready']",[],323877825696366592,Low,2018-09-06 19:32:34
"['Sentiment', 'Irrelevant']",[],323920980898631680,Low,2018-09-10 14:38:12
"['ThirdPartyObservation', 'Hashtags', 'ContinuingNews', 'Irrelevant']",[],323940761211117568,Low,2018-09-10 15:14:42
"['EmergingThreats', 'ContinuingNews']",[],323887460008468480,High,2018-09-07 13:53:35
"['Sentiment', 'Irrelevant']",[],323888735093657600,Low,2018-09-07 14:08:46
"['ServiceAvailable', 'KnownAlready']",[],323911690502696960,Low,2018-09-07 16:03:20
"['PastNews', 'Sentiment', 'Irrelevant']",[],325142311874990080,Low,2018-09-11 15:37:33
"['MultimediaShare', 'PastNews', 'Sentiment']",[],324052682048421888,Medium,2018-09-10 16:04:34
"['Hashtags', 'Sentiment', 'Irrelevant']",[],323907584295845888,Low,2018-09-07 15:40:06
"['MultimediaShare', 'Hashtags', 'ContinuingNews', 'Sentiment']",[],323913603109490688,Medium,2018-09-07 16:37:48
"['PastNews', 'Sentiment']",[],328258189021810688,Low,2018-09-12 17:09:10
"['Hashtags', 'PastNews', 'Discussion', 'Irrelevant']",[],325231935750283264,Low,2018-09-11 16:16:35
"['EmergingThreats', 'MultimediaShare', 'Hashtags', 'ContinuingNews', 'Sentiment']",[],323893843739176960,Medium,2018-09-07 14:51:03
"['PastNews', 'ContinuingNews']",[],324277928743550976,Low,2018-09-10 17:38:15
"['Hashtags', 'PastNews']",[],325983613780885504,Low,2018-09-12 15:25:54
"['PastNews', 'Sentiment', 'Irrelevant']",[],323997552099876864,Low,2018-09-10 15:57:52
"['PastNews', 'Sentiment', 'Irrelevant']",[],324351358427877376,Low,2018-09-10 17:49:57
"['Discussion', 'Irrelevant']",[],323888353391042560,Low,2018-09-07 14:01:30
"['Hashtags', 'ContinuingNews', 'KnownAlready']",[],323935300235689984,Low,2018-09-10 15:07:37
"['EmergingThreats', 'MultimediaShare', 'ContinuingNews']",[],323879553741234176,High,2018-09-06 19:43:09
"['Hashtags', 'PastNews', 'Sentiment', 'Irrelevant']",[],324773355716767744,Low,2018-09-11 14:34:02
"['PastNews', 'Advice']",[],325742063779987456,Low,2018-09-12 15:10:45
"['Hashtags', 'PastNews', 'Sentiment', 'Irrelevant']",[],325343927861387264,Low,2018-09-11 17:07:59
"['PastNews', 'Sentiment', 'Irrelevant']",[],333948244725989376,Low,2018-09-12 17:45:07
"['MultimediaShare', 'PastNews', 'Discussion']",[],329319729623859200,Low,2018-09-12 17:20:50
"['PastNews', 'Sentiment', 'Irrelevant']",[],324041357402443776,Low,2018-09-10 16:02:48
"['ThirdPartyObservation', 'EmergingThreats', 'ContinuingNews', 'Sentiment']",[],323886671491915776,Low,2018-09-07 13:49:04
"['MultimediaShare', 'Hashtags', 'PastNews', 'Sentiment']",[],324144453390594048,Low,2018-09-10 16:11:19
"['PastNews', 'Discussion', 'Irrelevant']",[],325574845289074688,Low,2018-09-11 18:00:42
"['ContinuingNews', 'Sentiment', 'KnownAlready']",[],323935556075667456,Low,2018-09-10 15:08:47
"['PastNews', 'Discussion']",[],340690781352378368,Low,2018-09-12 18:01:05
"['Hashtags', 'PastNews', 'Discussion']",[],325355021795463168,Low,2018-09-11 17:22:48
"['Donations', 'PastNews']",[],325791460110778368,Low,2018-09-12 15:17:33
"['PastNews', 'Sentiment', 'Irrelevant']",[],324035535716880384,Low,2018-09-10 16:02:08
"['MultimediaShare', 'Factoid', 'ContinuingNews']",[],325221353546477568,High,2018-09-11 16:13:30
"['Hashtags', 'PastNews', 'Sentiment']",[],323974798009049088,Low,2018-09-10 15:47:21
"['Factoid', 'ContinuingNews']",[],323908469285588992,High,2018-09-07 15:48:49
"['Hashtags', 'ContinuingNews']",[],324578446443425792,Medium,2018-09-10 18:11:33
"['Hashtags', 'PastNews', 'Discussion', 'Irrelevant']",[],324286933901668352,Low,2018-09-10 17:39:00
"['MultimediaShare', 'PastNews', 'Discussion']",[],326776827945304064,Medium,2018-09-12 16:08:09
"['Hashtags', 'PastNews', 'Sentiment']",[],324856960795176960,Low,2018-09-11 14:35:05
"['EmergingThreats', 'ContinuingNews', 'KnownAlready']",[],325247211418034176,High,2018-09-11 16:22:21
"['PastNews', 'Discussion']",[],328350748922494976,Low,2018-09-12 17:13:02
"['PastNews', 'Sentiment']",[],327913819873607680,Low,2018-09-12 17:08:03
"['Hashtags', 'PastNews', 'KnownAlready']",[],325180589118484480,Low,2018-09-11 15:51:04
"['Hashtags', 'PastNews', 'Sentiment']",[],324248195305717760,Low,2018-09-10 17:30:38
"['PastNews', 'Discussion', 'Irrelevant']",[],324553469342150656,Low,2018-09-10 17:55:26
"['Sentiment', 'Irrelevant']",[],323909735965409280,Low,2018-09-07 16:01:45
"['Hashtags', 'PastNews', 'Sentiment', 'Irrelevant']",[],324741541929316352,Low,2018-09-11 14:32:05
"['EmergingThreats', 'Factoid', 'ContinuingNews']",[],323895773127393280,Critical,2018-09-07 15:00:54
"['PastNews', 'Discussion', 'Irrelevant']",[],324235918598877184,Low,2018-09-10 17:30:12
"['Hashtags', 'PastNews', 'Discussion', 'Irrelevant']",[],324411114656002048,Low,2018-09-10 17:52:33
"['MultimediaShare', 'PastNews', 'Discussion']",[],329623376266149888,Medium,2018-09-12 17:29:01
"['PastNews', 'KnownAlready']",[],323964727476772864,Low,2018-09-10 15:43:33
"['MultimediaShare', 'ContinuingNews']",[],325174322824101888,Medium,2018-09-11 15:46:07
"['Hashtags', 'Sentiment', 'Irrelevant']",[],323924449596436480,Low,2018-09-10 14:45:23
"['Hashtags', 'Sentiment', 'Irrelevant']",[],323907198415671296,Low,2018-09-07 15:36:25
"['Hashtags', 'Sentiment', 'Irrelevant']",[],323895924113952768,Low,2018-09-07 15:01:33
"['PastNews', 'Discussion']",[],326503892030455808,Low,2018-09-12 16:05:41
"['PastNews', 'Discussion']",[],326374925550100480,Low,2018-09-12 15:51:55
"['FirstPartyObservation', 'EmergingThreats', 'MultimediaShare', 'ContinuingNews']",[],323874466063085568,Critical,2018-09-06 19:21:05
"['PastNews', 'Sentiment', 'Irrelevant']",[],325236075549323264,Low,2018-09-11 16:18:15
"['Hashtags', 'PastNews', 'Sentiment']",[],323919680672763904,Low,2018-09-07 17:29:48
"['MultimediaShare', 'Hashtags', 'PastNews', 'Irrelevant']",[],325122925810290688,Low,2018-09-11 15:30:12
"['MultimediaShare', 'ContinuingNews', 'Sentiment']",[],323915171770798080,Medium,2018-09-07 16:45:57
['Sentiment'],[],323884020666626048,Low,2018-09-06 19:55:31
"['Factoid', 'Hashtags', 'PastNews']",[],324258601403314176,Medium,2018-09-10 17:31:24
"['PastNews', 'Discussion']",[],326703641534820352,Low,2018-09-12 16:06:52
"['PastNews', 'Discussion']",[],326372455121833984,Low,2018-09-12 15:50:42
"['Sentiment', 'Irrelevant']",[],323919605171122176,Low,2018-09-07 17:08:49
"['PastNews', 'Discussion', 'KnownAlready']",[],325405613511286784,Low,2018-09-11 17:35:58
"['MultimediaShare', 'Hashtags', 'PastNews', 'Discussion']",[],323971941700616192,Low,2018-09-10 15:45:55
"['MultimediaShare', 'Hashtags', 'ContinuingNews', 'Discussion']",[],323913187856613376,Medium,2018-09-07 16:36:37
"['EmergingThreats', 'ContinuingNews']",[],323922209817120768,Medium,2018-09-10 14:40:02
"['MultimediaShare', 'Sentiment', 'KnownAlready']",[],323883236331761664,Low,2018-09-06 19:53:43
"['EmergingThreats', 'ContinuingNews', 'Advice']",[],323892824523276288,Medium,2018-09-07 14:44:20
"['ContinuingNews', 'Discussion']",[],324567776138248192,High,2018-09-10 17:58:49
"['PastNews', 'Discussion']",[],326779826893635584,Medium,2018-09-12 16:11:58
"['Hashtags', 'PastNews', 'Sentiment', 'Irrelevant']",[],324022776639930368,Low,2018-09-10 15:58:47
"['MultimediaShare', 'PastNews', 'Discussion']",[],327637251691511808,Low,2018-09-12 17:05:31
"['PastNews', 'Advice']",[],324921586635378688,Medium,2018-09-11 14:58:04
"['PastNews', 'KnownAlready']",[],325412848673112064,Medium,2018-09-11 17:45:36
"['PastNews', 'Discussion', 'Irrelevant']",[],324512088364044288,Low,2018-09-10 17:54:57
"['InformationWanted', 'ServiceAvailable', 'Hashtags']",[],323903675175149568,Medium,2018-09-07 15:17:43
"['Hashtags', 'ContinuingNews', 'Discussion']",[],325140617392959488,Medium,2018-09-11 15:36:31
"['Discussion', 'Irrelevant']",[],325441269289590784,Low,2018-09-11 17:52:16
"['PastNews', 'Sentiment']",[],338979664712327168,Low,2018-09-12 17:57:39
"['ThirdPartyObservation', 'ContinuingNews']",[],325070396363767808,High,2018-09-11 15:19:59
"['PastNews', 'Sentiment', 'Irrelevant']",[],324421617222578176,Low,2018-09-10 17:53:52
"['PastNews', 'Sentiment', 'Irrelevant']",[],323987531915984896,Low,2018-09-10 15:53:42
"['ServiceAvailable', 'KnownAlready']",[],323907563311751168,Low,2018-09-07 15:39:09
"['MultimediaShare', 'Hashtags', 'ContinuingNews', 'Sentiment']",[],323909488480509952,Medium,2018-09-07 15:58:29
"['Hashtags', 'Sentiment', 'Irrelevant']",[],323908595114713088,Low,2018-09-07 15:49:17
"['PastNews', 'Sentiment', 'Irrelevant']",[],326344525222141952,Low,2018-09-12 15:43:58
"['Hashtags', 'Sentiment', 'Irrelevant']",[],323970259763740672,Low,2018-09-10 15:44:43
"['Hashtags', 'PastNews', 'Sentiment', 'Irrelevant']",[],325427449066319872,Low,2018-09-11 17:48:52
"['PastNews', 'Sentiment', 'Irrelevant']",[],324030670328451072,Low,2018-09-10 16:01:05
"['MultimediaShare', 'PastNews', 'Discussion', 'Irrelevant']",[],324175336059314176,Low,2018-09-10 16:21:02
"['PastNews', 'KnownAlready']",[],324193707119222784,Low,2018-09-10 17:20:39
"['EmergingThreats', 'MultimediaShare', 'ContinuingNews']",[],323881852215631872,Critical,2018-09-06 19:51:51
"['Hashtags', 'Sentiment', 'Irrelevant']",[],323915851252248576,Low,2018-09-07 16:47:37
"['Sentiment', 'Irrelevant']",[],323901204759457792,Low,2018-09-07 15:11:48
"['Hashtags', 'PastNews', 'Sentiment', 'Irrelevant']",[],324978482364944384,Low,2018-09-11 15:02:41
"['EmergingThreats', 'Hashtags', 'ContinuingNews', 'Advice']",[],323888378577817600,Medium,2018-09-07 14:03:16
"['Hashtags', 'Sentiment', 'Irrelevant']",[],323926148272779264,Low,2018-09-10 14:47:22
"['Advice', 'Irrelevant']",[],324638508876705792,Low,2018-09-11 14:25:09
"['EmergingThreats', 'MultimediaShare', 'Factoid', 'Hashtags', 'ContinuingNews']",[],323909568176472064,High,2018-09-07 16:00:13
"['Factoid', 'ContinuingNews']",[],325202500149968896,Medium,2018-09-11 15:56:23
"['EmergingThreats', 'Hashtags', 'ContinuingNews', 'Sentiment']",[],323888298886041600,Low,2018-09-07 14:00:45
"['MultimediaShare', 'PastNews', 'Discussion']",[],325402681684398080,Low,2018-09-11 17:34:07
"['PastNews', 'Sentiment', 'Irrelevant']",[],324381242831302656,Low,2018-09-10 17:50:38
"['Hashtags', 'PastNews', 'Sentiment', 'Irrelevant']",[],324428248421380096,Low,2018-09-10 17:54:13
"['Hashtags', 'PastNews', 'Discussion']",[],326349612938047488,Low,2018-09-12 15:45:41
